WC Order ID,Pick Up Origin,Ship Out Date,Product SKUs,Product SKUs Quantity,Product SKUs 2,Product SKUs Quantity 2,Product SKUs 3,Product SKUs Quantity 3,Product SKUs 4,Product SKUs Quantity 4,Product SKUs 5,Product SKUs Quantity 5,Product SKUs 6,Product SKUs Quantity 6
1000719454,SouthGilbert/2849 Ficus St/Pomona/CA/91766/USA,4/28/2023,Tonal Accessories Shelf (Matte Black) | 120-0017,1,,,,,,,,,,
1000719514,SouthGilbert/2849 Ficus St/Pomona/CA/91766/USA,4/28/2023,Tonal Accessories Shelf (Matte Black) | 120-0017,1,,,,,,,,,,
1000719122,SouthGilbert/2849 Ficus St/Pomona/CA/91766/USA,4/28/2023,Wide Mount Covers (Pack of 2) | 150-0002,1,,,,,,,,,,
1000719195,SouthGilbert/2849 Ficus St/Pomona/CA/91766/USA,4/28/2023,T-Locks (Pack of 4) | 210-0142,1,,,,,,,,,,
1000719218,SouthGilbert/2849 Ficus St/Pomona/CA/91766/USA,4/28/2023,Wide Mount Covers (Pack of 2) | 150-0002,2,,,,,,,,,,
1000719193,Gilbert/1000 Riverside Drive/Keasbey/NJ/08832/USA,4/27/2023,T-Locks (Pack of 4) | 210-0142,1,,,,,,,,,,
1000719221,Gilbert/1000 Riverside Drive/Keasbey/NJ/08832/USA,4/27/2023,T-Locks (Pack of 4) | 210-0142,1,,,,,,,,,,
1000719383,Gilbert/1000 Riverside Drive/Keasbey/NJ/08832/USA,4/27/2023,T-Locks (Pack of 4) | 210-0142,1,,,,,,,,,,
1000719494,Gilbert/1000 Riverside Drive/Keasbey/NJ/08832/USA,4/27/2023,Wide Mount Covers (Pack of 2) | 150-0002,1,,,,,,,,,,
1000719495,Gilbert/1000 Riverside Drive/Keasbey/NJ/08832/USA,4/27/2023,T-Locks (Pack of 4) | 210-0142,1,,,,,,,,,,
1000719146,Gilbert/1000 Riverside Drive/Keasbey/NJ/08832/USA,4/27/2023,Wide Mount Covers (Pack of 2) | 150-0002,1,,,,,,,,,,
1000718299,SouthGilbert/2849 Ficus St/Pomona/CA/91766/USA,4/25/2023,Wide Mount Covers (Pack of 2) | 150-0002,1,,,,,,,,,,
1000718310,SouthGilbert/2849 Ficus St/Pomona/CA/91766/USA,4/25/2023,T-Locks (Pack of 4) | 210-0142,1,,,,,,,,,,
1000718340,SouthGilbert/2849 Ficus St/Pomona/CA/91766/USA,4/25/2023,Wide Mount Covers (Pack of 2) | 150-0002,1,,,,,,,,,,
1000718421,SouthGilbert/2849 Ficus St/Pomona/CA/91766/USA,4/25/2023,Wide Mount Covers (Pack of 2) | 150-0002,1,,,,,,,,,,
1000718475,SouthGilbert/2849 Ficus St/Pomona/CA/91766/USA,4/25/2023,T-Locks (Pack of 4) | 210-0142,1,,,,,,,,,,
1000718550,SouthGilbert/2849 Ficus St/Pomona/CA/91766/USA,4/25/2023,Wide Mount Covers (Pack of 2) | 150-0002,1,,,,,,,,,,
1000718561,SouthGilbert/2849 Ficus St/Pomona/CA/91766/USA,4/25/2023,Tonal Accessories Shelf (Coffee Oak) | 120-0018,1,,,,,,,,,,
1000718563,SouthGilbert/2849 Ficus St/Pomona/CA/91766/USA,4/25/2023,Tonal Accessories Shelf (Coffee Oak) | 120-0018,1,,,,,,,,,,
1000718566,SouthGilbert/2849 Ficus St/Pomona/CA/91766/USA,4/25/2023,Wide Mount Covers (Pack of 2) | 150-0002,1,,,,,,,,,,
1000718618,Gilbert/1000 Riverside Drive/Keasbey/NJ/08832/USA,4/25/2023,Wide Mount Covers (Pack of 2) | 150-0002,1,,,,,,,,,,
1000718758,Gilbert/1000 Riverside Drive/Keasbey/NJ/08832/USA,4/25/2023,Tonal Accessories Shelf (Lt. Aged Ash) | 120-0016,1,,,,,,,,,,
1000718761,Gilbert/1000 Riverside Drive/Keasbey/NJ/08832/USA,4/25/2023,Wide Mount Covers (Pack of 2) | 150-0002,1,,,,,,,,,,
1000718785,Gilbert/1000 Riverside Drive/Keasbey/NJ/08832/USA,4/25/2023,Wide Mount Covers (Pack of 2) | 150-0002,1,,,,,,,,,,
1000718787,SouthGilbert/2849 Ficus St/Pomona/CA/91766/USA,4/25/2023,Tonal Accessories Shelf (Matte Black) | 120-0017,1,,,,,,,,,,
1000718798,SouthGilbert/2849 Ficus St/Pomona/CA/91766/USA,4/25/2023,Wide Mount Covers (Pack of 2) | 150-0002,1,,,,,,,,,,
1000718967,SouthGilbert/2849 Ficus St/Pomona/CA/91766/USA,4/25/2023,T-Locks (Pack of 4) | 210-0142,1,,,,,,,,,,
1000718970,SouthGilbert/2849 Ficus St/Pomona/CA/91766/USA,4/25/2023,T-Locks (Pack of 4) | 210-0142,1,,,,,,,,,,
1000718972,Gilbert/1000 Riverside Drive/Keasbey/NJ/08832/USA,4/25/2023,Wide Mount Covers (Pack of 2) | 150-0002,1,,,,,,,,,,
1000718989,SouthGilbert/2849 Ficus St/Pomona/CA/91766/USA,4/25/2023,Wide Mount Covers (Pack of 2) | 150-0002,1,,,,,,,,,,
1000719011,SouthGilbert/2849 Ficus St/Pomona/CA/91766/USA,4/25/2023,Wide Mount Covers (Pack of 2) | 150-0002,1,,,,,,,,,,
1000719031,SouthGilbert/2849 Ficus St/Pomona/CA/91766/USA,4/25/2023,T-Locks (Pack of 4) | 210-0142,1,,,,,,,,,,
1000719057,SouthGilbert/2849 Ficus St/Pomona/CA/91766/USA,4/25/2023,Wide Mount Covers (Pack of 2) | 150-0002,1,,,,,,,,,,
1000718252,SouthGilbert/2849 Ficus St/Pomona/CA/91766/USA,4/25/2023,T-Locks (Pack of 4) | 210-0142,1,,,,,,,,,,
1000718365,SouthGilbert/2849 Ficus St/Pomona/CA/91766/USA,4/25/2023,T-Locks (Pack of 4) | 210-0142,1,,,,,,,,,,
1000718374,SouthGilbert/2849 Ficus St/Pomona/CA/91766/USA,4/25/2023,Wide Mount Covers (Pack of 2) | 150-0002,1,Tonal Accessories Shelf (Matte Black) | 120-0017,1,,,,,,,,
1000718375,SouthGilbert/2849 Ficus St/Pomona/CA/91766/USA,4/25/2023,Tonal Accessories Shelf (Matte Black) | 120-0017,1,,,,,,,,,,
1000718392,SouthGilbert/2849 Ficus St/Pomona/CA/91766/USA,4/25/2023,Tonal Accessories Shelf (Matte Black) | 120-0017,1,,,,,,,,,,
1000718406,SouthGilbert/2849 Ficus St/Pomona/CA/91766/USA,4/25/2023,Wide Mount Covers (Pack of 2) | 150-0002,1,,,,,,,,,,
1000718408,SouthGilbert/2849 Ficus St/Pomona/CA/91766/USA,4/25/2023,Tonal Accessories Shelf (Matte Black) | 120-0017,1,,,,,,,,,,
1000718624,SouthGilbert/2849 Ficus St/Pomona/CA/91766/USA,4/25/2023,Wide Mount Covers (Pack of 2) | 150-0002,1,,,,,,,,,,
1000718651,Gilbert/1000 Riverside Drive/Keasbey/NJ/08832/USA,4/25/2023,Wide Mount Covers (Pack of 2) | 150-0002,1,,,,,,,,,,
1000718659,SouthGilbert/2849 Ficus St/Pomona/CA/91766/USA,4/25/2023,Wide Mount Covers (Pack of 2) | 150-0002,1,,,,,,,,,,
1000718666,Gilbert/1000 Riverside Drive/Keasbey/NJ/08832/USA,4/25/2023,Wide Mount Covers (Pack of 2) | 150-0002,1,,,,,,,,,,
1000718749,SouthGilbert/2849 Ficus St/Pomona/CA/91766/USA,4/25/2023,Wide Mount Covers (Pack of 2) | 150-0002,1,,,,,,,,,,
1000718296,Gilbert/1000 Riverside Drive/Keasbey/NJ/08832/USA,4/24/2023,T-Locks (Pack of 4) | 210-0142,1,,,,,,,,,,
1000718306,Gilbert/1000 Riverside Drive/Keasbey/NJ/08832/USA,4/24/2023,Wide Mount Covers (Pack of 2) | 150-0002,1,,,,,,,,,,
1000718307,Gilbert/1000 Riverside Drive/Keasbey/NJ/08832/USA,4/24/2023,Wide Mount Covers (Pack of 2) | 150-0002,1,,,,,,,,,,
1000718320,Gilbert/1000 Riverside Drive/Keasbey/NJ/08832/USA,4/24/2023,T-Locks (Pack of 4) | 210-0142,1,,,,,,,,,,
1000718323,Gilbert/1000 Riverside Drive/Keasbey/NJ/08832/USA,4/24/2023,Wide Mount Covers (Pack of 2) | 150-0002,1,,,,,,,,,,
1000718587,Gilbert/1000 Riverside Drive/Keasbey/NJ/08832/USA,4/24/2023,T-Locks (Pack of 4) | 210-0142,1,,,,,,,,,,
1000718262,Gilbert/1000 Riverside Drive/Keasbey/NJ/08832/USA,4/24/2023,Wide Mount Covers (Pack of 2) | 150-0002,1,,,,,,,,,,
1000718390,Gilbert/1000 Riverside Drive/Keasbey/NJ/08832/USA,4/24/2023,Tonal Accessories Shelf (Lt. Aged Ash) | 120-0016,1,,,,,,,,,,
1000718198,Gilbert/1000 Riverside Drive/Keasbey/NJ/08832/USA,4/20/2023,Wide Mount Covers (Pack of 2) | 150-0002,1,,,,,,,,,,
1000717904,SouthGilbert/2849 Ficus St/Pomona/CA/91766/USA,4/20/2023,Wide Mount Covers (Pack of 2) | 150-0002,1,,,,,,,,,,
1000717935,Gilbert/1000 Riverside Drive/Keasbey/NJ/08832/USA,4/20/2023,Wide Mount Covers (Pack of 2) | 150-0002,1,,,,,,,,,,
1000717950,Gilbert/1000 Riverside Drive/Keasbey/NJ/08832/USA,4/20/2023,Wide Mount Covers (Pack of 2) | 150-0002,1,,,,,,,,,,
1000717955,SouthGilbert/2849 Ficus St/Pomona/CA/91766/USA,4/20/2023,T-Locks (Pack of 4) | 210-0142,1,,,,,,,,,,
1000717960,SouthGilbert/2849 Ficus St/Pomona/CA/91766/USA,4/20/2023,Wide Mount Covers (Pack of 2) | 150-0002,1,,,,,,,,,,
1000718003,Gilbert/1000 Riverside Drive/Keasbey/NJ/08832/USA,4/20/2023,T-Locks (Pack of 4) | 210-0142,1,,,,,,,,,,
1000718021,SouthGilbert/2849 Ficus St/Pomona/CA/91766/USA,4/20/2023,Tonal Accessories Shelf (Matte Black) | 120-0017,1,Wide Mount Covers (Pack of 2) | 150-0002,1,,,,,,,,
1000718036,Gilbert/1000 Riverside Drive/Keasbey/NJ/08832/USA,4/20/2023,Wide Mount Covers (Pack of 2) | 150-0002,1,,,,,,,,,,
1000718038,Gilbert/1000 Riverside Drive/Keasbey/NJ/08832/USA,4/20/2023,Wide Mount Covers (Pack of 2) | 150-0002,1,,,,,,,,,,
1000718047,Gilbert/1000 Riverside Drive/Keasbey/NJ/08832/USA,4/20/2023,Wide Mount Covers (Pack of 2) | 150-0002,1,,,,,,,,,,
1000718078,SouthGilbert/2849 Ficus St/Pomona/CA/91766/USA,4/20/2023,T-Locks (Pack of 4) | 210-0142,1,,,,,,,,,,
1000718084,SouthGilbert/2849 Ficus St/Pomona/CA/91766/USA,4/20/2023,Wide Mount Covers (Pack of 2) | 150-0002,1,,,,,,,,,,
1000718092,Gilbert/1000 Riverside Drive/Keasbey/NJ/08832/USA,4/20/2023,T-Locks (Pack of 4) | 210-0142,1,,,,,,,,,,
1000718105,Gilbert/1000 Riverside Drive/Keasbey/NJ/08832/USA,4/20/2023,Tonal Accessories Shelf (Coffee Oak) | 120-0018,1,,,,,,,,,,
1000718108,Gilbert/1000 Riverside Drive/Keasbey/NJ/08832/USA,4/20/2023,Wide Mount Covers (Pack of 2) | 150-0002,1,,,,,,,,,,
1000718148,Gilbert/1000 Riverside Drive/Keasbey/NJ/08832/USA,4/20/2023,Tonal Accessories Shelf (Lt. Aged Ash) | 120-0016,1,,,,,,,,,,
1000718156,Gilbert/1000 Riverside Drive/Keasbey/NJ/08832/USA,4/20/2023,Wide Mount Covers (Pack of 2) | 150-0002,1,,,,,,,,,,
1000718193,Gilbert/1000 Riverside Drive/Keasbey/NJ/08832/USA,4/20/2023,Tonal Accessories Shelf (Matte Black) | 120-0017,1,,,,,,,,,,
1000718196,SouthGilbert/2849 Ficus St/Pomona/CA/91766/USA,4/20/2023,Wide Mount Covers (Pack of 2) | 150-0002,1,,,,,,,,,,
1000718199,Gilbert/1000 Riverside Drive/Keasbey/NJ/08832/USA,4/20/2023,Wide Mount Covers (Pack of 2) | 150-0002,1,,,,,,,,,,
1000718201,Gilbert/1000 Riverside Drive/Keasbey/NJ/08832/USA,4/20/2023,Tonal Accessories Shelf (Coffee Oak) | 120-0018,1,,,,,,,,,,
1000718202,Gilbert/1000 Riverside Drive/Keasbey/NJ/08832/USA,4/20/2023,T-Locks (Pack of 4) | 210-0142,1,,,,,,,,,,
1000718215,SouthGilbert/2849 Ficus St/Pomona/CA/91766/USA,4/20/2023,T-Locks (Pack of 4) | 210-0142,1,,,,,,,,,,
1000718217,SouthGilbert/2849 Ficus St/Pomona/CA/91766/USA,4/20/2023,T-Locks (Pack of 4) | 210-0142,1,,,,,,,,,,
1000718221,Gilbert/1000 Riverside Drive/Keasbey/NJ/08832/USA,4/20/2023,Tonal Accessories Shelf (Matte Black) | 120-0017,1,Wide Mount Covers (Pack of 2) | 150-0002,1,,,,,,,,
1000718226,Gilbert/1000 Riverside Drive/Keasbey/NJ/08832/USA,4/20/2023,T-Locks (Pack of 4) | 210-0142,1,,,,,,,,,,
1000718228,Gilbert/1000 Riverside Drive/Keasbey/NJ/08832/USA,4/20/2023,Wide Mount Covers (Pack of 2) | 150-0002,1,,,,,,,,,,
1000716857,SouthGilbert/2849 Ficus St/Pomona/CA/91766/USA,4/19/2023,T-Locks (Pack of 4) | 210-0142,1,,,,,,,,,,
1000716925,SouthGilbert/2849 Ficus St/Pomona/CA/91766/USA,4/19/2023,T-Locks (Pack of 4) | 210-0142,1,,,,,,,,,,
1000716944,Gilbert/1000 Riverside Drive/Keasbey/NJ/08832/USA,4/19/2023,T-Locks (Pack of 4) | 210-0142,1,,,,,,,,,,
1000716962,Gilbert/1000 Riverside Drive/Keasbey/NJ/08832/USA,4/19/2023,T-Locks (Pack of 4) | 210-0142,1,,,,,,,,,,
1000716976,Gilbert/1000 Riverside Drive/Keasbey/NJ/08832/USA,4/19/2023,Wide Mount Covers (Pack of 2) | 150-0002,1,,,,,,,,,,
1000716977,SouthGilbert/2849 Ficus St/Pomona/CA/91766/USA,4/19/2023,Wide Mount Covers (Pack of 2) | 150-0002,1,,,,,,,,,,
1000716978,Gilbert/1000 Riverside Drive/Keasbey/NJ/08832/USA,4/19/2023,T-Locks (Pack of 4) | 210-0142,1,,,,,,,,,,
1000716980,SouthGilbert/2849 Ficus St/Pomona/CA/91766/USA,4/19/2023,Wide Mount Covers (Pack of 2) | 150-0002,1,,,,,,,,,,
1000716991,Gilbert/1000 Riverside Drive/Keasbey/NJ/08832/USA,4/19/2023,Wide Mount Covers (Pack of 2) | 150-0002,1,,,,,,,,,,
1000717011,Gilbert/1000 Riverside Drive/Keasbey/NJ/08832/USA,4/19/2023,Wide Mount Covers (Pack of 2) | 150-0002,1,,,,,,,,,,
1000717013,Gilbert/1000 Riverside Drive/Keasbey/NJ/08832/USA,4/19/2023,Wide Mount Covers (Pack of 2) | 150-0002,1,,,,,,,,,,
1000717014,Gilbert/1000 Riverside Drive/Keasbey/NJ/08832/USA,4/19/2023,Wide Mount Covers (Pack of 2) | 150-0002,1,,,,,,,,,,
1000717023,SouthGilbert/2849 Ficus St/Pomona/CA/91766/USA,4/19/2023,Wide Mount Covers (Pack of 2) | 150-0002,1,,,,,,,,,,
1000717026,Gilbert/1000 Riverside Drive/Keasbey/NJ/08832/USA,4/19/2023,Wide Mount Covers (Pack of 2) | 150-0002,1,,,,,,,,,,
1000717031,Gilbert/1000 Riverside Drive/Keasbey/NJ/08832/USA,4/19/2023,Wide Mount Covers (Pack of 2) | 150-0002,1,,,,,,,,,,
1000717032,Gilbert/1000 Riverside Drive/Keasbey/NJ/08832/USA,4/19/2023,Tonal Accessories Shelf (Coffee Oak) | 120-0018,1,,,,,,,,,,
1000717036,Gilbert/1000 Riverside Drive/Keasbey/NJ/08832/USA,4/19/2023,Wide Mount Covers (Pack of 2) | 150-0002,1,,,,,,,,,,
1000717073,Gilbert/1000 Riverside Drive/Keasbey/NJ/08832/USA,4/19/2023,Wide Mount Covers (Pack of 2) | 150-0002,1,,,,,,,,,,
1000717082,SouthGilbert/2849 Ficus St/Pomona/CA/91766/USA,4/19/2023,Wide Mount Covers (Pack of 2) | 150-0002,1,,,,,,,,,,
1000717085,Gilbert/1000 Riverside Drive/Keasbey/NJ/08832/USA,4/19/2023,Tonal Accessories Shelf (Lt. Aged Ash) | 120-0016,1,,,,,,,,,,
1000717096,Gilbert/1000 Riverside Drive/Keasbey/NJ/08832/USA,4/19/2023,Wide Mount Covers (Pack of 2) | 150-0002,1,,,,,,,,,,
1000717118,Gilbert/1000 Riverside Drive/Keasbey/NJ/08832/USA,4/19/2023,Wide Mount Covers (Pack of 2) | 150-0002,1,,,,,,,,,,
1000717119,SouthGilbert/2849 Ficus St/Pomona/CA/91766/USA,4/19/2023,Wide Mount Covers (Pack of 2) | 150-0002,1,Tonal Accessories Shelf (Coffee Oak) | 120-0018,1,,,,,,,,
1000717125,SouthGilbert/2849 Ficus St/Pomona/CA/91766/USA,4/19/2023,T-Locks (Pack of 4) | 210-0142,1,,,,,,,,,,
1000717156,Gilbert/1000 Riverside Drive/Keasbey/NJ/08832/USA,4/19/2023,Wide Mount Covers (Pack of 2) | 150-0002,1,,,,,,,,,,
1000717166,Gilbert/1000 Riverside Drive/Keasbey/NJ/08832/USA,4/19/2023,Wide Mount Covers (Pack of 2) | 150-0002,1,,,,,,,,,,
1000717167,SouthGilbert/2849 Ficus St/Pomona/CA/91766/USA,4/19/2023,T-Locks (Pack of 4) | 210-0142,1,,,,,,,,,,
1000717189,SouthGilbert/2849 Ficus St/Pomona/CA/91766/USA,4/19/2023,Wide Mount Covers (Pack of 2) | 150-0002,1,,,,,,,,,,
1000717203,Gilbert/1000 Riverside Drive/Keasbey/NJ/08832/USA,4/19/2023,T-Locks (Pack of 4) | 210-0142,3,,,,,,,,,,
1000717222,SouthGilbert/2849 Ficus St/Pomona/CA/91766/USA,4/19/2023,Tonal Accessories Shelf (Coffee Oak) | 120-0018,1,,,,,,,,,,
1000717248,SouthGilbert/2849 Ficus St/Pomona/CA/91766/USA,4/19/2023,Wide Mount Covers (Pack of 2) | 150-0002,1,,,,,,,,,,
1000717255,Gilbert/1000 Riverside Drive/Keasbey/NJ/08832/USA,4/19/2023,Wide Mount Covers (Pack of 2) | 150-0002,1,,,,,,,,,,
1000717258,SouthGilbert/2849 Ficus St/Pomona/CA/91766/USA,4/19/2023,Wide Mount Covers (Pack of 2) | 150-0002,1,,,,,,,,,,
1000717323,SouthGilbert/2849 Ficus St/Pomona/CA/91766/USA,4/19/2023,Wide Mount Covers (Pack of 2) | 150-0002,1,,,,,,,,,,
1000717324,Gilbert/1000 Riverside Drive/Keasbey/NJ/08832/USA,4/19/2023,Tonal Accessories Shelf (Matte Black) | 120-0017,1,,,,,,,,,,
1000717338,Gilbert/1000 Riverside Drive/Keasbey/NJ/08832/USA,4/19/2023,Tonal Accessories Shelf (Matte Black) | 120-0017,1,,,,,,,,,,
1000717344,SouthGilbert/2849 Ficus St/Pomona/CA/91766/USA,4/19/2023,Wide Mount Covers (Pack of 2) | 150-0002,1,,,,,,,,,,
1000717351,SouthGilbert/2849 Ficus St/Pomona/CA/91766/USA,4/19/2023,T-Locks (Pack of 4) | 210-0142,1,,,,,,,,,,
1000717360,Gilbert/1000 Riverside Drive/Keasbey/NJ/08832/USA,4/19/2023,T-Locks (Pack of 4) | 210-0142,1,,,,,,,,,,
1000717370,Gilbert/1000 Riverside Drive/Keasbey/NJ/08832/USA,4/19/2023,Wide Mount Covers (Pack of 2) | 150-0002,1,,,,,,,,,,
1000717375,Gilbert/1000 Riverside Drive/Keasbey/NJ/08832/USA,4/19/2023,Wide Mount Covers (Pack of 2) | 150-0002,1,,,,,,,,,,
1000717377,Gilbert/1000 Riverside Drive/Keasbey/NJ/08832/USA,4/19/2023,Wide Mount Covers (Pack of 2) | 150-0002,1,,,,,,,,,,
1000717408,SouthGilbert/2849 Ficus St/Pomona/CA/91766/USA,4/19/2023,Tonal Accessories Shelf (Matte Black) | 120-0017,1,T-Locks (Pack of 4) | 210-0142,1,,,,,,,,
1000717499,SouthGilbert/2849 Ficus St/Pomona/CA/91766/USA,4/19/2023,Tonal Accessories Shelf (Matte Black) | 120-0017,1,,,,,,,,,,
1000717531,SouthGilbert/2849 Ficus St/Pomona/CA/91766/USA,4/19/2023,T-Locks (Pack of 4) | 210-0142,1,,,,,,,,,,
1000717540,Gilbert/1000 Riverside Drive/Keasbey/NJ/08832/USA,4/19/2023,T-Locks (Pack of 4) | 210-0142,1,,,,,,,,,,
1000717553,SouthGilbert/2849 Ficus St/Pomona/CA/91766/USA,4/19/2023,T-Locks (Pack of 4) | 210-0142,1,,,,,,,,,,
1000717566,Gilbert/1000 Riverside Drive/Keasbey/NJ/08832/USA,4/19/2023,T-Locks (Pack of 4) | 210-0142,1,,,,,,,,,,
1000717574,Gilbert/1000 Riverside Drive/Keasbey/NJ/08832/USA,4/19/2023,Wide Mount Covers (Pack of 2) | 150-0002,1,,,,,,,,,,
1000717577,Gilbert/1000 Riverside Drive/Keasbey/NJ/08832/USA,4/19/2023,Wide Mount Covers (Pack of 2) | 150-0002,1,,,,,,,,,,
1000717590,Gilbert/1000 Riverside Drive/Keasbey/NJ/08832/USA,4/19/2023,T-Locks (Pack of 4) | 210-0142,1,,,,,,,,,,
1000717603,Gilbert/1000 Riverside Drive/Keasbey/NJ/08832/USA,4/19/2023,Wide Mount Covers (Pack of 2) | 150-0002,1,,,,,,,,,,
1000717605,Gilbert/1000 Riverside Drive/Keasbey/NJ/08832/USA,4/19/2023,Wide Mount Covers (Pack of 2) | 150-0002,1,,,,,,,,,,
1000717609,Gilbert/1000 Riverside Drive/Keasbey/NJ/08832/USA,4/19/2023,Wide Mount Covers (Pack of 2) | 150-0002,1,Tonal Accessories Shelf (Matte Black) | 120-0017,1,,,,,,,,
1000717631,SouthGilbert/2849 Ficus St/Pomona/CA/91766/USA,4/19/2023,Wide Mount Covers (Pack of 2) | 150-0002,1,,,,,,,,,,
1000717637,SouthGilbert/2849 Ficus St/Pomona/CA/91766/USA,4/19/2023,T-Locks (Pack of 4) | 210-0142,1,,,,,,,,,,
1000717657,SouthGilbert/2849 Ficus St/Pomona/CA/91766/USA,4/19/2023,Wide Mount Covers (Pack of 2) | 150-0002,1,,,,,,,,,,
1000717687,SouthGilbert/2849 Ficus St/Pomona/CA/91766/USA,4/19/2023,Wide Mount Covers (Pack of 2) | 150-0002,1,,,,,,,,,,
1000717745,SouthGilbert/2849 Ficus St/Pomona/CA/91766/USA,4/19/2023,T-Locks (Pack of 4) | 210-0142,1,,,,,,,,,,
1000717779,SouthGilbert/2849 Ficus St/Pomona/CA/91766/USA,4/19/2023,T-Locks (Pack of 4) | 210-0142,1,,,,,,,,,,
1000717798,SouthGilbert/2849 Ficus St/Pomona/CA/91766/USA,4/19/2023,Wide Mount Covers (Pack of 2) | 150-0002,1,,,,,,,,,,
1000717815,Gilbert/1000 Riverside Drive/Keasbey/NJ/08832/USA,4/19/2023,T-Locks (Pack of 4) | 210-0142,1,,,,,,,,,,
1000717869,Gilbert/1000 Riverside Drive/Keasbey/NJ/08832/USA,4/19/2023,T-Locks (Pack of 4) | 210-0142,1,,,,,,,,,,
1000717886,Gilbert/1000 Riverside Drive/Keasbey/NJ/08832/USA,4/19/2023,T-Locks (Pack of 4) | 210-0142,1,,,,,,,,,,
1000716893,SouthGilbert/2849 Ficus St/Pomona/CA/91766/USA,4/19/2023,Wide Mount Covers (Pack of 2) | 150-0002,1,,,,,,,,,,
1000716910,SouthGilbert/2849 Ficus St/Pomona/CA/91766/USA,4/19/2023,T-Locks (Pack of 4) | 210-0142,1,,,,,,,,,,
1000716953,SouthGilbert/2849 Ficus St/Pomona/CA/91766/USA,4/19/2023,T-Locks (Pack of 4) | 210-0142,1,,,,,,,,,,
1000716983,SouthGilbert/2849 Ficus St/Pomona/CA/91766/USA,4/19/2023,Tonal Accessories Shelf (Matte Black) | 120-0017,1,,,,,,,,,,
1000716986,SouthGilbert/2849 Ficus St/Pomona/CA/91766/USA,4/19/2023,Wide Mount Covers (Pack of 2) | 150-0002,1,,,,,,,,,,
1000717005,SouthGilbert/2849 Ficus St/Pomona/CA/91766/USA,4/19/2023,Wide Mount Covers (Pack of 2) | 150-0002,1,,,,,,,,,,
1000717137,SouthGilbert/2849 Ficus St/Pomona/CA/91766/USA,4/19/2023,Wide Mount Covers (Pack of 2) | 150-0002,1,,,,,,,,,,
1000717207,SouthGilbert/2849 Ficus St/Pomona/CA/91766/USA,4/19/2023,T-Locks (Pack of 4) | 210-0142,1,,,,,,,,,,
1000717371,Gilbert/1000 Riverside Drive/Keasbey/NJ/08832/USA,4/19/2023,T-Locks (Pack of 4) | 210-0142,1,,,,,,,,,,
1000717451,SouthGilbert/2849 Ficus St/Pomona/CA/91766/USA,4/19/2023,Wide Mount Covers (Pack of 2) | 150-0002,1,,,,,,,,,,
1000717457,Gilbert/1000 Riverside Drive/Keasbey/NJ/08832/USA,4/19/2023,Wide Mount Covers (Pack of 2) | 150-0002,1,,,,,,,,,,
1000717459,Gilbert/1000 Riverside Drive/Keasbey/NJ/08832/USA,4/19/2023,T-Locks (Pack of 4) | 210-0142,1,,,,,,,,,,
1000717463,Gilbert/1000 Riverside Drive/Keasbey/NJ/08832/USA,4/19/2023,Wide Mount Covers (Pack of 2) | 150-0002,1,,,,,,,,,,
1000717465,Gilbert/1000 Riverside Drive/Keasbey/NJ/08832/USA,4/19/2023,T-Locks (Pack of 4) | 210-0142,1,,,,,,,,,,
1000717471,Gilbert/1000 Riverside Drive/Keasbey/NJ/08832/USA,4/19/2023,T-Locks (Pack of 4) | 210-0142,1,,,,,,,,,,
1000717476,Gilbert/1000 Riverside Drive/Keasbey/NJ/08832/USA,4/19/2023,Tonal Accessories Shelf (Matte Black) | 120-0017,1,,,,,,,,,,
1000717510,Gilbert/1000 Riverside Drive/Keasbey/NJ/08832/USA,4/19/2023,Wide Mount Covers (Pack of 2) | 150-0002,1,,,,,,,,,,
1000717512,Gilbert/1000 Riverside Drive/Keasbey/NJ/08832/USA,4/19/2023,T-Locks (Pack of 4) | 210-0142,1,,,,,,,,,,
1000717524,Gilbert/1000 Riverside Drive/Keasbey/NJ/08832/USA,4/19/2023,Wide Mount Covers (Pack of 2) | 150-0002,1,,,,,,,,,,
1000717530,Gilbert/1000 Riverside Drive/Keasbey/NJ/08832/USA,4/19/2023,T-Locks (Pack of 4) | 210-0142,1,,,,,,,,,,
1000717533,SouthGilbert/2849 Ficus St/Pomona/CA/91766/USA,4/19/2023,Wide Mount Covers (Pack of 2) | 150-0002,1,Tonal Accessories Shelf (Matte Black) | 120-0017,1,,,,,,,,
1000717536,SouthGilbert/2849 Ficus St/Pomona/CA/91766/USA,4/19/2023,T-Locks (Pack of 4) | 210-0142,1,Wide Mount Covers (Pack of 2) | 150-0002,1,,,,,,,,
1000717541,SouthGilbert/2849 Ficus St/Pomona/CA/91766/USA,4/19/2023,Wide Mount Covers (Pack of 2) | 150-0002,1,,,,,,,,,,
1000717543,SouthGilbert/2849 Ficus St/Pomona/CA/91766/USA,4/19/2023,Tonal Accessories Shelf (Matte Black) | 120-0017,1,,,,,,,,,,
1000717544,SouthGilbert/2849 Ficus St/Pomona/CA/91766/USA,4/19/2023,T-Locks (Pack of 4) | 210-0142,1,,,,,,,,,,
1000717547,Gilbert/1000 Riverside Drive/Keasbey/NJ/08832/USA,4/19/2023,T-Locks (Pack of 4) | 210-0142,1,Wide Mount Covers (Pack of 2) | 150-0002,1,,,,,,,,
1000717564,Gilbert/1000 Riverside Drive/Keasbey/NJ/08832/USA,4/19/2023,Wide Mount Covers (Pack of 2) | 150-0002,1,,,,,,,,,,
1000717567,SouthGilbert/2849 Ficus St/Pomona/CA/91766/USA,4/19/2023,Wide Mount Covers (Pack of 2) | 150-0002,1,,,,,,,,,,
1000717572,Gilbert/1000 Riverside Drive/Keasbey/NJ/08832/USA,4/19/2023,T-Locks (Pack of 4) | 210-0142,1,,,,,,,,,,
1000717580,Gilbert/1000 Riverside Drive/Keasbey/NJ/08832/USA,4/19/2023,T-Locks (Pack of 4) | 210-0142,1,,,,,,,,,,
1000717583,SouthGilbert/2849 Ficus St/Pomona/CA/91766/USA,4/19/2023,Tonal Accessories Shelf (Lt. Aged Ash) | 120-0016,1,,,,,,,,,,
1000717632,SouthGilbert/2849 Ficus St/Pomona/CA/91766/USA,4/19/2023,Tonal Accessories Shelf (Lt. Aged Ash) | 120-0016,1,,,,,,,,,,
1000717701,Gilbert/1000 Riverside Drive/Keasbey/NJ/08832/USA,4/19/2023,Wide Mount Covers (Pack of 2) | 150-0002,1,,,,,,,,,,
1000717773,Gilbert/1000 Riverside Drive/Keasbey/NJ/08832/USA,4/19/2023,Wide Mount Covers (Pack of 2) | 150-0002,1,,,,,,,,,,
1000717780,Gilbert/1000 Riverside Drive/Keasbey/NJ/08832/USA,4/19/2023,T-Locks (Pack of 4) | 210-0142,1,,,,,,,,,,
1000717787,SouthGilbert/2849 Ficus St/Pomona/CA/91766/USA,4/19/2023,T-Locks (Pack of 4) | 210-0142,1,,,,,,,,,,
1000717814,Gilbert/1000 Riverside Drive/Keasbey/NJ/08832/USA,4/19/2023,Wide Mount Covers (Pack of 2) | 150-0002,1,,,,,,,,,,
1000717837,SouthGilbert/2849 Ficus St/Pomona/CA/91766/USA,4/19/2023,T-Locks (Pack of 4) | 210-0142,1,,,,,,,,,,
1000717846,Gilbert/1000 Riverside Drive/Keasbey/NJ/08832/USA,4/19/2023,Wide Mount Covers (Pack of 2) | 150-0002,1,,,,,,,,,,
1000717858,Gilbert/1000 Riverside Drive/Keasbey/NJ/08832/USA,4/19/2023,Wide Mount Covers (Pack of 2) | 150-0002,1,,,,,,,,,,
1000717865,Gilbert/1000 Riverside Drive/Keasbey/NJ/08832/USA,4/19/2023,Wide Mount Covers (Pack of 2) | 150-0002,1,,,,,,,,,,
1000717874,SouthGilbert/2849 Ficus St/Pomona/CA/91766/USA,4/19/2023,Wide Mount Covers (Pack of 2) | 150-0002,1,,,,,,,,,,
1000717883,Gilbert/1000 Riverside Drive/Keasbey/NJ/08832/USA,4/19/2023,Wide Mount Covers (Pack of 2) | 150-0002,1,,,,,,,,,,
1000716870,Gilbert/1000 Riverside Drive/Keasbey/NJ/08832/USA,4/14/2023,Wide Mount Covers (Pack of 2) | 150-0002,1,,,,,,,,,,